Australian Bureau of Statistics,,,,,,,,,,,,,,,,,,,,,,,,,,,,,,,,,,,,,,,,,,,,,,,,,,,,,,,,,,,,,,,,,,,,,,,,,,,,,,,,,,,,,,,,,,,,,,,,,,,,,,,,,,,,,,,,,,,,,
,,,,,,,,,,,,,,,,,,,,,,,,,,,,,,,,,,,,,,,,,,,,,,,,,,,,,,,,,,,,,,,,,,,,,,,,,,,,,,,,,,,,,,,,,,,,,,,,,,,,,,,,,,,,,,,,,,,,,
"2016 Census - Employment, Income and Education",,,,,,,,,,,,,,,,,,,,,,,,,,,,,,,,,,,,,,,,,,,,,,,,,,,,,,,,,,,,,,,,,,,,,,,,,,,,,,,,,,,,,,,,,,,,,,,,,,,,,,,,,,,,,,,,,,,,,
STATE (UR) by LFSP Labour Force Status by AGEP Age,,,,,,,,,,,,,,,,,,,,,,,,,,,,,,,,,,,,,,,,,,,,,,,,,,,,,,,,,,,,,,,,,,,,,,,,,,,,,,,,,,,,,,,,,,,,,,,,,,,,,,,,,,,,,,,,,,,,,
Counting: Persons Place of Usual Residence,,,,,,,,,,,,,,,,,,,,,,,,,,,,,,,,,,,,,,,,,,,,,,,,,,,,,,,,,,,,,,,,,,,,,,,,,,,,,,,,,,,,,,,,,,,,,,,,,,,,,,,,,,,,,,,,,,,,,
,,,,,,,,,,,,,,,,,,,,,,,,,,,,,,,,,,,,,,,,,,,,,,,,,,,,,,,,,,,,,,,,,,,,,,,,,,,,,,,,,,,,,,,,,,,,,,,,,,,,,,,,,,,,,,,,,,,,,
Filters:,,,,,,,,,,,,,,,,,,,,,,,,,,,,,,,,,,,,,,,,,,,,,,,,,,,,,,,,,,,,,,,,,,,,,,,,,,,,,,,,,,,,,,,,,,,,,,,,,,,,,,,,,,,,,,,,,,,,,
Default Summation,Persons Place of Usual Residence,,,,,,,,,,,,,,,,,,,,,,,,,,,,,,,,,,,,,,,,,,,,,,,,,,,,,,,,,,,,,,,,,,,,,,,,,,,,,,,,,,,,,,,,,,,,,,,,,,,,,,,,,,,,,,,,,,,,
,,,,,,,,,,,,,,,,,,,,,,,,,,,,,,,,,,,,,,,,,,,,,,,,,,,,,,,,,,,,,,,,,,,,,,,,,,,,,,,,,,,,,,,,,,,,,,,,,,,,,,,,,,,,,,,,,,,,,
 New South Wales,,,,,,,,,,,,,,,,,,,,,,,,,,,,,,,,,,,,,,,,,,,,,,,,,,,,,,,,,,,,,,,,,,,,,,,,,,,,,,,,,,,,,,,,,,,,,,,,,,,,,,,,,,,,,,,,,,,,,
AGEP Age,0,1,2,3,4,5,6,7,8,9,10,11,12,13,14,15,16,17,18,19,20,21,22,23,24,25,26,27,28,29,30,31,32,33,34,35,36,37,38,39,40,41,42,43,44,45,46,47,48,49,50,51,52,53,54,55,56,57,58,59,60,61,62,63,64,65,66,67,68,69,70,71,72,73,74,75,76,77,78,79,80,81,82,83,84,85,86,87,88,89,90,91,92,93,94,95,96,97,98,99,100,101,102,103,104,105,106,107,108,109,110,111,112,113,114,115,Total
LFSP Labour Force Status,,,,,,,,,,,,,,,,,,,,,,,,,,,,,,,,,,,,,,,,,,,,,,,,,,,,,,,,,,,,,,,,,,,,,,,,,,,,,,,,,,,,,,,,,,,,,,,,,,,,,,,,,,,,,,,,,,,,,
"Employed, worked full-time",0,0,0,0,0,0,0,0,0,0,0,0,0,0,0,211,1815,4429,11674,17188,20424,25174,31319,38571,44417,49338,52950,54202,55006,55133,56180,56011,56311,56028,54946,54153,51935,50330,49903,49893,50026,50835,52213,53511,55814,56188,51852,51048,49282,47796,47668,47263,49438,49336,48218,46571,42536,39934,37392,34068,29360,26022,22864,20044,16755,12809,10017,7896,6523,5559,3682,2914,2371,1741,1545,1097,923,729,623,518,361,273,226,204,183,151,124,88,63,48,35,35,23,15,20,10,24,41,75,18,0,3,0,0,0,0,0,0,0,0,0,0,0,0,0,0,2134527
"Employed, worked part-time",0,0,0,0,0,0,0,0,0,0,0,0,0,0,0,14243,20453,21921,27509,31332,31922,30834,26786,23379,21373,20008,19221,18112,17662,17532,18151,18280,19180,19724,19678,19844,19324,19670,19457,19390,19824,19636,20820,21170,21711,21968,19942,19552,18811,18342,18309,18450,19013,19630,19392,19165,18598,17942,17817,16910,16747,15861,15050,14365,12966,10909,9812,8418,7872,7287,5522,4483,3949,2972,2571,2018,1617,1374,1088,904,668,521,423,362,328,260,207,140,122,92,62,46,44,21,24,14,18,14,22,10,0,0,0,0,0,0,0,0,0,0,0,0,0,0,0,0,1071151
"Employed, away from work",0,0,0,0,0,0,0,0,0,0,0,0,0,0,0,1200,1704,2612,2782,2994,3454,3530,3343,3343,3554,3557,3859,4107,4419,4480,4998,5049,5222,5216,4919,4571,4171,3790,3470,3230,3088,2916,2877,2901,2914,2911,2784,2748,2712,2646,2859,2740,2928,3015,3120,3240,2970,2788,2873,3052,2729,2530,2279,2106,1972,1679,1457,1067,1033,916,719,603,528,416,399,337,280,259,221,221,178,143,126,146,113,113,83,67,57,56,32,32,22,21,14,14,7,5,13,10,0,0,0,0,0,0,0,0,0,0,0,0,0,0,0,0,174659
"Unemployed, looking for full-time work",0,0,0,0,0,0,0,0,0,0,0,0,0,0,0,130,594,1649,3797,4333,3887,3933,3931,3820,3884,3726,3487,3280,3084,2900,2992,2792,2672,2667,2489,2461,2489,2331,2427,2239,2316,2246,2279,2375,2345,2504,2360,2315,2371,2172,2216,2196,2278,2212,2261,2119,2023,1867,1856,1682,1623,1403,1283,1234,1088,324,187,141,130,127,59,69,33,39,20,23,19,22,10,18,6,14,15,13,8,11,3,6,3,3,3,5,0,0,0,0,5,0,4,3,0,0,0,0,0,0,0,0,0,0,0,0,0,0,0,0,123986
"Unemployed, looking for part-time work",0,0,0,0,0,0,0,0,0,0,0,0,0,0,0,4989,5019,3917,5854,6069,5214,4136,3553,3230,2786,2403,2152,1876,1709,1504,1542,1485,1455,1465,1488,1454,1417,1324,1347,1278,1389,1313,1360,1374,1416,1377,1323,1226,1153,1097,1130,1136,1152,1179,1218,1199,1274,1171,1214,1194,1174,1139,1090,1084,934,473,342,314,267,254,189,130,121,100,77,69,57,37,41,20,21,8,9,6,5,11,9,6,6,10,0,7,0,4,8,0,3,0,0,0,0,0,0,0,0,0,0,0,0,0,0,0,0,0,0,0,101565
Not in the labour force,0,0,0,0,0,0,0,0,0,0,0,0,0,0,0,63408,55875,50556,33193,25129,23845,22640,21720,21148,19594,18062,17524,16565,16204,16238,16635,16736,16803,17195,16827,16773,16008,15417,15122,14718,14961,14647,15059,15291,15791,16303,15291,15457,15288,15169,15966,16389,17890,18915,19684,20896,22196,23467,25817,27914,30921,33620,35919,39005,41048,47728,50628,51829,54313,58710,50816,49523,48633,43677,43072,40875,39254,37176,35208,33730,31794,28735,26480,24870,23328,22451,20562,17916,16020,13722,11612,9798,7864,6265,4796,3609,2422,1437,1061,687,342,211,110,70,37,25,11,0,0,4,0,0,0,0,0,0,2088242
Not stated,0,0,0,0,0,0,0,0,0,0,0,0,0,0,0,3974,3968,4051,4636,5220,5613,5799,5966,6549,7009,7308,7576,7369,7440,7164,7261,7170,7148,6963,6704,6519,6147,5886,5656,5590,5728,5615,5763,5733,5929,6298,5679,5595,5513,5366,5538,5314,5837,5827,5834,5972,5605,5528,5417,5445,5438,5163,5091,5155,4985,5026,5150,4830,5073,5367,4717,4553,4336,3956,4033,3843,3774,3795,3458,3659,3524,3293,3173,3109,3135,3031,2998,2794,2633,2341,2113,1807,1510,1310,1054,773,536,399,239,186,88,43,35,14,8,5,0,0,4,0,0,0,0,0,0,0,399769
Not applicable,87708,92876,93584,95179,95791,95216,96479,95142,95833,95516,92149,89078,87806,87596,86382,0,0,0,0,0,0,0,0,0,0,0,0,0,0,0,0,0,0,0,0,0,0,0,0,0,0,0,0,0,0,0,0,0,0,0,0,0,0,0,0,0,0,0,0,0,0,0,0,0,0,0,0,0,0,0,0,0,0,0,0,0,0,0,0,0,0,0,0,0,0,0,0,0,0,0,0,0,0,0,0,0,0,0,0,0,0,0,0,0,0,0,0,0,0,0,0,0,0,0,0,0,1386336
Total,87708,92876,93584,95179,95791,95216,96479,95142,95833,95516,92149,89078,87806,87596,86382,88159,89421,89131,89447,92265,94364,96034,96622,100038,102617,104408,106772,105502,105528,104947,107755,107515,108782,109259,107050,105774,101488,98753,97382,96326,97337,97196,100371,102344,105914,107545,99229,97934,95141,92594,93687,93478,98537,100111,99732,99159,95190,92711,92388,90271,87986,85738,83572,82999,79746,78944,77596,74494,75203,78229,65698,62281,59966,52893,51715,48262,45930,43387,40652,39080,36557,32980,30451,28709,27107,26029,23984,21013,18905,16280,13857,11735,9465,7634,5915,4425,3017,1901,1416,914,438,258,148,84,50,30,10,7,4,0,0,0,0,0,0,0,7480230
,,,,,,,,,,,,,,,,,,,,,,,,,,,,,,,,,,,,,,,,,,,,,,,,,,,,,,,,,,,,,,,,,,,,,,,,,,,,,,,,,,,,,,,,,,,,,,,,,,,,,,,,,,,,,,,,,,,,,
,,,,,,,,,,,,,,,,,,,,,,,,,,,,,,,,,,,,,,,,,,,,,,,,,,,,,,,,,,,,,,,,,,,,,,,,,,,,,,,,,,,,,,,,,,,,,,,,,,,,,,,,,,,,,,,,,,,,,
 Victoria,,,,,,,,,,,,,,,,,,,,,,,,,,,,,,,,,,,,,,,,,,,,,,,,,,,,,,,,,,,,,,,,,,,,,,,,,,,,,,,,,,,,,,,,,,,,,,,,,,,,,,,,,,,,,,,,,,,,,
AGEP Age,0,1,2,3,4,5,6,7,8,9,10,11,12,13,14,15,16,17,18,19,20,21,22,23,24,25,26,27,28,29,30,31,32,33,34,35,36,37,38,39,40,41,42,43,44,45,46,47,48,49,50,51,52,53,54,55,56,57,58,59,60,61,62,63,64,65,66,67,68,69,70,71,72,73,74,75,76,77,78,79,80,81,82,83,84,85,86,87,88,89,90,91,92,93,94,95,96,97,98,99,100,101,102,103,104,105,106,107,108,109,110,111,112,113,114,115,Total
LFSP Labour Force Status,,,,,,,,,,,,,,,,,,,,,,,,,,,,,,,,,,,,,,,,,,,,,,,,,,,,,,,,,,,,,,,,,,,,,,,,,,,,,,,,,,,,,,,,,,,,,,,,,,,,,,,,,,,,,,,,,,,,,
"Employed, worked full-time",0,0,0,0,0,0,0,0,0,0,0,0,0,0,0,96,564,2028,6291,10930,13932,18207,23647,29285,34213,39630,43425,45065,46685,46538,47207,46895,46022,45862,44117,43111,41081,39753,39163,38593,38761,39021,40377,40761,42668,43664,41275,40808,40193,38146,37895,36966,37904,37624,36344,34975,32407,30385,28579,25746,23050,20039,17416,15475,13011,9851,7344,5828,4614,4030,2678,2082,1655,1235,1070,865,671,474,363,337,255,200,185,148,119,96,81,59,44,37,36,24,23,21,23,22,67,30,33,33,24,12,12,10,8,15,12,0,0,0,0,0,0,0,3,0,1670556
"Employed, worked part-time",0,0,0,0,0,0,0,0,0,0,0,0,0,0,0,9659,17374,19790,23009,26815,28167,28084,25175,21828,19780,18221,17085,15722,15423,14940,15530,15963,16159,16589,16832,16869,16761,16800,16732,16674,17207,17383,18121,18121,18925,19506,18042,17966,16893,16085,15819,15571,16069,16080,16042,16022,15209,14981,14633,14125,14297,13258,12599,11790,10818,9133,7921,6939,6330,6090,4309,3421,2929,2274,2048,1645,1242,944,799,617,502,396,305,297,225,208,168,104,85,59,47,37,24,26,20,8,39,22,23,18,12,8,9,7,4,9,3,0,0,0,0,0,0,0,0,0,920875
"Employed, away from work",0,0,0,0,0,0,0,0,0,0,0,0,0,0,0,717,1330,1647,1935,2406,2646,2843,2785,2802,2794,2985,3166,3261,3597,3758,4150,4423,4363,4334,4136,3933,3634,3182,2918,2686,2641,2494,2338,2406,2441,2402,2385,2390,2303,2263,2404,2361,2426,2478,2518,2587,2507,2456,2364,2312,2350,2028,1980,1882,1894,1408,1229,938,928,782,586,524,481,369,334,279,220,220,191,176,132,112,96,103,77,65,82,48,53,41,40,24,15,12,20,14,10,4,3,4,4,0,0,0,0,0,0,0,0,0,0,0,0,0,0,0,144694
"Unemployed, looking for full-time work",0,0,0,0,0,0,0,0,0,0,0,0,0,0,0,91,258,756,2349,3293,3153,3206,3425,3479,3488,3423,3362,3055,2914,2617,2601,2430,2457,2375,2239,2131,2047,1972,1891,1930,1950,1933,2000,2003,2043,2050,1945,2005,1864,1782,1851,1773,1834,1775,1724,1632,1631,1581,1378,1308,1278,1161,1016,876,803,238,155,118,109,72,43,39,29,17,23,11,9,13,12,6,6,11,9,8,9,4,6,7,0,0,0,0,0,0,0,0,0,6,0,7,0,0,0,0,0,0,0,0,0,0,0,0,0,0,0,0,103129
"Unemployed, looking for part-time work",0,0,0,0,0,0,0,0,0,0,0,0,0,0,0,4776,4543,3885,5728,6372,5429,4358,3610,3256,2639,2184,1933,1557,1529,1402,1325,1204,1228,1203,1183,1197,1113,1101,1026,1097,1148,1143,1208,1163,1230,1178,1065,1050,940,871,886,884,813,881,849,811,839,835,859,879,878,797,792,759,673,360,291,245,187,201,136,128,88,76,63,38,31,23,24,17,22,11,12,3,4,10,4,6,3,0,3,0,0,0,0,0,0,0,0,3,0,0,0,0,0,0,0,0,0,0,0,0,0,0,0,0,90340
Not in the labour force,0,0,0,0,0,0,0,0,0,0,0,0,0,0,0,49213,42097,38952,29754,22852,21837,20662,19032,18532,16848,15061,14202,13301,13245,13145,13581,13786,13948,14016,13724,13566,13128,12573,12281,12004,11874,11874,11959,12079,12344,13028,12191,12043,11922,11555,12152,12220,13002,13650,13993,14987,16145,16966,18214,19583,22079,23817,25555,28074,29867,35399,37819,38664,40445,44330,38180,36267,35802,32324,32826,30693,29864,28432,27184,25510,24313,21963,20990,19409,17835,17266,16067,13853,12328,10719,9232,7395,6175,4742,3616,2877,1893,1098,772,525,317,202,120,61,39,27,4,8,3,0,6,0,0,4,0,0,1610131
Not stated,0,0,0,0,0,0,0,0,0,0,0,0,0,0,0,2933,2994,3124,3612,4181,4453,4759,4904,5067,5450,5579,5789,5837,5971,5666,6071,5598,5539,5429,5402,5145,4811,4591,4324,4212,4337,4354,4509,4402,4668,4768,4484,4491,4316,4173,4360,4188,4400,4313,4313,4401,4184,4073,4086,3944,4097,3939,3857,3862,3767,3835,3883,3711,3930,4029,3542,3315,3263,2964,3081,2948,2880,2924,2680,2745,2796,2411,2378,2338,2206,2156,2149,1902,1830,1739,1506,1153,1006,823,661,526,323,194,163,122,57,55,31,22,12,5,4,0,0,0,0,0,0,0,0,0,305978
Not applicable,70920,74723,74475,76009,75084,73468,74780,73391,73373,73627,71252,68114,68187,67121,66385,0,0,0,0,0,0,0,0,0,0,0,0,0,0,0,0,0,0,0,0,0,0,0,0,0,0,0,0,0,0,0,0,0,0,0,0,0,0,0,0,0,0,0,0,0,0,0,0,0,0,0,0,0,0,0,0,0,0,0,0,0,0,0,0,0,0,0,0,0,0,0,0,0,0,0,0,0,0,0,0,0,0,0,0,0,0,0,0,0,0,0,0,0,0,0,0,0,0,0,0,0,1080917
Total,70920,74723,74475,76009,75084,73468,74780,73391,73373,73627,71252,68114,68187,67121,66385,67491,69150,70182,72668,76842,79629,82119,82589,84242,85217,87085,88957,87795,89367,88068,90466,90305,89723,89808,87626,85957,82578,79961,78340,77191,77918,78197,80514,80942,84322,86598,81389,80747,78440,74867,75361,73965,76447,76807,75786,75411,72910,71276,70112,67905,68032,65045,63215,62716,60826,60234,58644,56445,56542,59526,49475,45783,44252,39259,39432,36482,34918,33036,31263,29410,28034,25114,23970,22309,20470,19798,18554,15973,14342,12594,10868,8635,7247,5627,4346,3448,2339,1357,1001,713,417,282,172,93,72,54,28,6,11,0,6,0,0,4,3,3,5926624
,,,,,,,,,,,,,,,,,,,,,,,,,,,,,,,,,,,,,,,,,,,,,,,,,,,,,,,,,,,,,,,,,,,,,,,,,,,,,,,,,,,,,,,,,,,,,,,,,,,,,,,,,,,,,,,,,,,,,
,,,,,,,,,,,,,,,,,,,,,,,,,,,,,,,,,,,,,,,,,,,,,,,,,,,,,,,,,,,,,,,,,,,,,,,,,,,,,,,,,,,,,,,,,,,,,,,,,,,,,,,,,,,,,,,,,,,,,
 Queensland,,,,,,,,,,,,,,,,,,,,,,,,,,,,,,,,,,,,,,,,,,,,,,,,,,,,,,,,,,,,,,,,,,,,,,,,,,,,,,,,,,,,,,,,,,,,,,,,,,,,,,,,,,,,,,,,,,,,,
AGEP Age,0,1,2,3,4,5,6,7,8,9,10,11,12,13,14,15,16,17,18,19,20,21,22,23,24,25,26,27,28,29,30,31,32,33,34,35,36,37,38,39,40,41,42,43,44,45,46,47,48,49,50,51,52,53,54,55,56,57,58,59,60,61,62,63,64,65,66,67,68,69,70,71,72,73,74,75,76,77,78,79,80,81,82,83,84,85,86,87,88,89,90,91,92,93,94,95,96,97,98,99,100,101,102,103,104,105,106,107,108,109,110,111,112,113,114,115,Total
LFSP Labour Force Status,,,,,,,,,,,,,,,,,,,,,,,,,,,,,,,,,,,,,,,,,,,,,,,,,,,,,,,,,,,,,,,,,,,,,,,,,,,,,,,,,,,,,,,,,,,,,,,,,,,,,,,,,,,,,,,,,,,,,
"Employed, worked full-time",0,0,0,0,0,0,0,0,0,0,0,0,0,0,0,235,847,3277,9514,12764,15870,19504,23021,25962,28647,30048,31555,31376,31519,31701,32123,32330,32260,32585,31743,31367,30451,29590,29690,30361,31025,31655,33242,34307,35629,36476,34272,33422,32478,31819,30600,30629,31701,31122,30418,29499,26640,24988,22871,20979,18645,16631,14468,13152,11157,8005,6243,4774,3899,3313,2267,1767,1367,1082,891,715,562,403,358,272,223,168,137,105,89,73,52,38,49,21,18,15,9,12,8,9,13,33,18,3,0,0,0,0,0,0,0,0,0,0,0,0,0,0,0,0,1333192
"Employed, worked part-time",0,0,0,0,0,0,0,0,0,0,0,0,0,0,0,11870,17536,20216,21185,21109,20266,19094,16340,14444,13139,12896,12262,11349,11138,11395,11659,11923,12266,12877,12468,12718,12407,12521,12549,12741,12802,12983,13456,13851,14205,14488,13383,12860,12236,11865,11720,11487,12020,12052,12210,11715,11411,11207,10864,10056,10161,9491,8875,8535,7723,6475,5641,5062,4323,4279,3058,2581,2166,1573,1401,1085,872,702,540,436,360,221,199,144,162,127,98,62,44,40,17,26,9,5,4,0,9,12,3,0,0,0,0,0,0,0,0,0,0,0,0,0,0,0,0,0,691752
"Employed, away from work",0,0,0,0,0,0,0,0,0,0,0,0,0,0,0,886,1290,1527,1681,1893,1954,2080,1997,2093,2255,2345,2542,2532,2721,2870,3123,3082,3161,3135,2903,2730,2451,2317,2148,1977,2050,1918,2027,2034,1982,2065,1928,1904,1886,1875,1971,1843,2028,2037,2037,2070,1972,2033,1888,1930,1860,1592,1453,1401,1342,1081,828,635,586,600,438,343,270,248,236,193,159,151,114,114,99,82,76,69,54,69,43,39,34,27,30,17,13,10,3,6,3,3,0,0,3,0,0,0,0,0,0,0,0,0,0,0,0,0,0,0,111512
"Unemployed, looking for full-time work",0,0,0,0,0,0,0,0,0,0,0,0,0,0,0,175,663,1969,4484,4204,3878,3675,3653,3388,3233,3005,2805,2504,2384,2250,2262,2130,2095,2072,1920,1856,1888,1754,1738,1769,1892,1893,1941,1945,2011,2160,2012,1883,1790,1812,1861,1886,1901,1897,1864,1794,1736,1652,1571,1455,1379,1277,1150,1028,885,241,185,123,105,86,44,61,34,31,24,25,15,15,7,15,10,6,4,6,7,0,11,3,8,0,0,0,3,0,0,4,0,5,0,0,0,0,0,0,0,0,0,0,0,0,0,0,0,0,0,0,105533
"Unemployed, looking for part-time work",0,0,0,0,0,0,0,0,0,0,0,0,0,0,0,4655,4615,4526,4485,3665,3083,2629,2092,1945,1575,1488,1347,1211,1164,1041,1099,1046,1029,1038,980,977,914,923,924,820,916,921,991,955,865,936,801,777,747,686,662,648,707,732,726,737,680,696,713,727,746,719,673,657,597,307,269,224,202,189,119,111,74,73,68,47,18,33,23,7,15,9,6,3,4,5,0,3,0,0,0,5,0,0,0,0,0,0,4,0,0,0,0,0,0,0,0,0,0,0,0,0,0,0,0,0,70127
Not in the labour force,0,0,0,0,0,0,0,0,0,0,0,0,0,0,0,39409,31908,23890,13588,11972,12060,12286,11643,11545,10910,10220,10084,9839,9556,9458,9835,10005,9885,10164,9753,9552,9396,9045,8876,8769,8737,8591,8914,9128,9279,9440,8983,8918,8710,8988,9258,9455,10217,10841,11450,12111,13248,13733,15218,16282,17907,19473,21304,23078,25424,30138,32290,33341,34244,37167,31703,31544,29755,26500,26545,24437,23221,21693,19809,18772,17186,15672,14091,13253,12053,11507,10464,9018,8014,6715,5801,4711,3746,2924,2374,1765,1222,666,498,347,211,113,94,48,24,10,6,5,0,0,0,0,0,0,0,0,1206041
Not stated,0,0,0,0,0,0,0,0,0,0,0,0,0,0,0,3072,2904,3063,3469,3710,4061,4230,4575,4900,4829,4872,4992,4752,4848,4675,4842,4699,4519,4602,4322,4203,4151,3878,3845,3914,3976,3963,4142,4279,4420,4592,4282,4313,4102,4078,3996,4059,4218,4259,4213,4225,3969,3902,3881,3728,3792,3608,3552,3548,3400,3539,3445,3348,3402,3609,3069,2967,2880,2559,2567,2395,2357,2273,2129,2116,1975,1892,1881,1655,1804,1860,1663,1607,1516,1335,1250,1038,918,697,600,513,335,225,181,110,71,50,31,15,8,7,0,5,0,0,0,0,0,0,0,0,272339
Not applicable,54464,59011,60160,61086,61737,61981,63518,63557,64154,63924,62627,60162,59511,58153,58637,0,0,0,0,0,0,0,0,0,0,0,0,0,0,0,0,0,0,0,0,0,0,0,0,0,0,0,0,0,0,0,0,0,0,0,0,0,0,0,0,0,0,0,0,0,0,0,0,0,0,0,0,0,0,0,0,0,0,0,0,0,0,0,0,0,0,0,0,0,0,0,0,0,0,0,0,0,0,0,0,0,0,0,0,0,0,0,0,0,0,0,0,0,0,0,0,0,0,0,0,0,912699
Total,54464,59011,60160,61086,61737,61981,63518,63557,64154,63924,62627,60162,59511,58153,58637,60307,59761,58481,58414,59326,61172,63495,63325,64283,64589,64874,65589,63556,63333,63397,64930,65211,65227,66474,64093,63400,61659,60034,59774,60349,61383,61920,64713,66499,68390,70160,65655,64080,61950,61134,60067,59998,62798,62936,62926,62165,59644,58224,57012,55153,54483,52801,51473,51401,50533,49780,48908,47495,46768,49242,40707,39369,36546,32065,31731,28891,27200,25269,22985,21733,19877,18050,16395,15237,14177,13644,12321,10774,9663,8148,7118,5808,4696,3651,2998,2300,1579,945,701,472,285,160,130,70,34,16,8,9,0,0,0,0,0,0,0,0,4703192
,,,,,,,,,,,,,,,,,,,,,,,,,,,,,,,,,,,,,,,,,,,,,,,,,,,,,,,,,,,,,,,,,,,,,,,,,,,,,,,,,,,,,,,,,,,,,,,,,,,,,,,,,,,,,,,,,,,,,
,,,,,,,,,,,,,,,,,,,,,,,,,,,,,,,,,,,,,,,,,,,,,,,,,,,,,,,,,,,,,,,,,,,,,,,,,,,,,,,,,,,,,,,,,,,,,,,,,,,,,,,,,,,,,,,,,,,,,
 South Australia,,,,,,,,,,,,,,,,,,,,,,,,,,,,,,,,,,,,,,,,,,,,,,,,,,,,,,,,,,,,,,,,,,,,,,,,,,,,,,,,,,,,,,,,,,,,,,,,,,,,,,,,,,,,,,,,,,,,,
AGEP Age,0,1,2,3,4,5,6,7,8,9,10,11,12,13,14,15,16,17,18,19,20,21,22,23,24,25,26,27,28,29,30,31,32,33,34,35,36,37,38,39,40,41,42,43,44,45,46,47,48,49,50,51,52,53,54,55,56,57,58,59,60,61,62,63,64,65,66,67,68,69,70,71,72,73,74,75,76,77,78,79,80,81,82,83,84,85,86,87,88,89,90,91,92,93,94,95,96,97,98,99,100,101,102,103,104,105,106,107,108,109,110,111,112,113,114,115,Total
LFSP Labour Force Status,,,,,,,,,,,,,,,,,,,,,,,,,,,,,,,,,,,,,,,,,,,,,,,,,,,,,,,,,,,,,,,,,,,,,,,,,,,,,,,,,,,,,,,,,,,,,,,,,,,,,,,,,,,,,,,,,,,,,
"Employed, worked full-time",0,0,0,0,0,0,0,0,0,0,0,0,0,0,0,19,114,494,2020,3269,4058,5082,6279,7616,8613,9432,9833,10155,10153,10088,10353,10421,10473,10210,9975,9858,9442,9291,9228,9536,9636,9878,10046,10605,11347,11809,11428,11118,11009,10618,10724,10674,10960,10966,10511,10483,9837,9379,8559,7950,7179,6399,5601,4921,4210,2936,2236,1721,1388,1225,737,602,464,366,297,252,188,146,107,98,76,48,46,44,42,20,22,13,12,10,7,5,3,6,4,4,38,6,17,13,0,0,0,0,0,0,0,0,0,0,0,0,0,0,0,0,435113
"Employed, worked part-time",0,0,0,0,0,0,0,0,0,0,0,0,0,0,0,3013,5024,6304,7114,7492,7636,7592,6584,5735,5022,4632,4488,4191,4173,4363,4520,4565,4904,4919,4916,4930,4732,4956,4712,4944,4872,5038,5107,5180,5414,5588,5317,5324,5078,4910,4938,4982,5032,5118,5077,5145,4922,4836,4628,4653,4428,4191,3891,3837,3323,2839,2472,2174,1834,1850,1343,1108,871,732,573,455,395,322,231,194,155,105,93,74,70,45,57,23,26,20,9,11,7,3,0,4,16,3,12,6,0,0,0,0,0,0,0,0,0,0,0,0,0,0,0,0,270416
"Employed, away from work",0,0,0,0,0,0,0,0,0,0,0,0,0,0,0,206,373,464,548,621,733,762,739,698,746,759,867,913,987,1041,1118,1197,1185,1130,1036,960,896,800,750,686,729,661,641,620,653,709,708,658,684,645,715,718,734,781,770,802,777,779,739,738,712,647,617,607,552,471,358,305,266,248,167,152,129,125,89,88,69,60,61,51,37,41,40,27,28,27,20,19,20,17,9,10,11,3,0,4,0,0,0,3,0,0,0,0,0,0,0,0,0,0,0,0,0,0,0,0,40584
"Unemployed, looking for full-time work",0,0,0,0,0,0,0,0,0,0,0,0,0,0,0,26,111,308,1045,1281,1172,1269,1126,1194,1124,1034,966,904,891,890,812,806,765,814,756,716,738,672,672,642,693,655,658,687,664,754,676,673,670,649,642,651,634,597,645,662,590,519,544,474,414,411,350,310,243,57,47,27,34,13,14,7,8,8,7,11,3,4,3,0,4,4,0,4,5,0,4,0,0,0,0,0,5,0,0,0,0,0,0,3,0,0,0,0,0,0,0,0,0,0,0,0,0,0,0,0,35453
"Unemployed, looking for part-time work",0,0,0,0,0,0,0,0,0,0,0,0,0,0,0,1361,1546,1499,1595,1516,1298,1054,814,752,641,502,515,451,414,360,352,336,342,342,333,336,338,343,329,347,297,311,291,313,294,326,298,309,288,236,265,264,267,287,265,243,242,295,260,222,252,284,264,223,193,95,71,57,65,45,29,25,21,17,9,7,13,14,4,3,0,4,0,3,3,0,0,0,0,0,0,0,0,0,0,0,0,0,0,0,0,0,0,0,0,0,0,0,0,0,0,0,0,0,0,0,25036
Not in the labour force,0,0,0,0,0,0,0,0,0,0,0,0,0,0,0,14057,12086,10505,6986,5653,5452,5271,4762,4608,4329,3971,3869,3600,3663,3625,3822,3636,3795,3662,3615,3547,3498,3261,3283,3299,3142,3131,3213,3381,3488,3457,3458,3480,3660,3457,3738,3822,4101,4264,4459,4909,5197,5451,5896,6312,7100,7584,8453,9278,10222,12253,13062,13479,13848,15430,12990,12705,12185,11230,10976,10163,9803,9629,9059,8587,7994,7358,7044,6549,6081,5915,5510,4906,4332,3761,3436,2804,2214,1769,1465,1069,678,393,299,221,103,78,36,29,18,12,3,0,0,0,0,0,0,0,0,0,501989
Not stated,0,0,0,0,0,0,0,0,0,0,0,0,0,0,0,701,760,795,836,937,1016,1000,1018,1062,1125,1123,1133,1128,1119,1127,1179,1136,1122,1070,1139,1083,991,998,1019,976,1014,970,1009,952,1070,1156,1158,1119,1113,1072,1089,1095,1123,1192,1176,1215,1164,1181,1135,1137,1091,1066,1064,1101,1007,1087,1088,1051,1037,1151,996,969,882,876,841,764,772,799,764,747,737,648,657,679,641,683,635,566,557,461,459,354,275,212,174,140,92,62,61,29,32,11,15,8,0,0,4,0,0,0,0,0,0,0,0,0,75066
Not applicable,18143,19254,19587,19860,20235,19747,20172,20110,20219,20221,19516,19054,19059,18804,19027,0,0,0,0,0,0,0,0,0,0,0,0,0,0,0,0,0,0,0,0,0,0,0,0,0,0,0,0,0,0,0,0,0,0,0,0,0,0,0,0,0,0,0,0,0,0,0,0,0,0,0,0,0,0,0,0,0,0,0,0,0,0,0,0,0,0,0,0,0,0,0,0,0,0,0,0,0,0,0,0,0,0,0,0,0,0,0,0,0,0,0,0,0,0,0,0,0,0,0,0,0,293005
Total,18143,19254,19587,19860,20235,19747,20172,20110,20219,20221,19516,19054,19059,18804,19027,19392,20008,20370,20145,20768,21373,22033,21317,21666,21602,21462,21668,21342,21397,21489,22160,22095,22579,22142,21773,21433,20642,20315,19991,20436,20382,20633,20966,21745,22923,23800,23040,22683,22504,21597,22111,22206,22856,23200,22900,23460,22737,22446,21763,21488,21172,20584,20238,20278,19749,19733,19326,18815,18462,19957,16278,15572,14562,13357,12789,11742,11247,10981,10229,9684,9012,8217,7882,7388,6872,6700,6242,5525,4950,4266,3920,3189,2511,1997,1649,1217,818,471,393,283,133,96,52,36,17,11,6,0,4,0,0,0,0,0,0,0,1676653
,,,,,,,,,,,,,,,,,,,,,,,,,,,,,,,,,,,,,,,,,,,,,,,,,,,,,,,,,,,,,,,,,,,,,,,,,,,,,,,,,,,,,,,,,,,,,,,,,,,,,,,,,,,,,,,,,,,,,
,,,,,,,,,,,,,,,,,,,,,,,,,,,,,,,,,,,,,,,,,,,,,,,,,,,,,,,,,,,,,,,,,,,,,,,,,,,,,,,,,,,,,,,,,,,,,,,,,,,,,,,,,,,,,,,,,,,,,
 Western Australia,,,,,,,,,,,,,,,,,,,,,,,,,,,,,,,,,,,,,,,,,,,,,,,,,,,,,,,,,,,,,,,,,,,,,,,,,,,,,,,,,,,,,,,,,,,,,,,,,,,,,,,,,,,,,,,,,,,,,
AGEP Age,0,1,2,3,4,5,6,7,8,9,10,11,12,13,14,15,16,17,18,19,20,21,22,23,24,25,26,27,28,29,30,31,32,33,34,35,36,37,38,39,40,41,42,43,44,45,46,47,48,49,50,51,52,53,54,55,56,57,58,59,60,61,62,63,64,65,66,67,68,69,70,71,72,73,74,75,76,77,78,79,80,81,82,83,84,85,86,87,88,89,90,91,92,93,94,95,96,97,98,99,100,101,102,103,104,105,106,107,108,109,110,111,112,113,114,115,Total
LFSP Labour Force Status,,,,,,,,,,,,,,,,,,,,,,,,,,,,,,,,,,,,,,,,,,,,,,,,,,,,,,,,,,,,,,,,,,,,,,,,,,,,,,,,,,,,,,,,,,,,,,,,,,,,,,,,,,,,,,,,,,,,,
"Employed, worked full-time",0,0,0,0,0,0,0,0,0,0,0,0,0,0,0,68,470,1329,4141,6000,7386,9323,10939,12969,14606,16318,17986,18628,19125,19285,19911,19449,18930,18689,18192,17428,16937,16400,16077,16013,16263,16296,16808,17257,18327,18781,17858,17805,17169,16670,16386,16224,16559,16326,15950,15225,14035,13124,11956,11349,10328,8799,7774,6801,5663,4306,3345,2524,2126,1668,1097,836,644,473,421,322,252,195,155,108,90,55,69,47,33,26,28,15,18,10,13,10,9,0,4,5,14,5,26,5,0,0,0,0,0,0,0,0,0,0,0,0,0,0,0,0,715288
"Employed, worked part-time",0,0,0,0,0,0,0,0,0,0,0,0,0,0,0,5007,7276,8673,10608,11215,10915,10002,8775,7828,7026,6736,6494,6358,6225,6250,6768,6715,6952,7160,7219,7225,6965,7005,7048,7002,7171,7281,7247,7462,7815,7905,7227,7288,6884,6665,6561,6498,6525,6536,6353,6461,6192,6052,5896,5661,5757,5519,5323,4996,4634,3834,3338,3043,2676,2563,1799,1454,1308,1025,889,703,517,443,334,297,251,165,122,120,85,88,51,24,26,21,24,15,6,5,5,0,4,3,20,0,0,0,0,0,0,0,0,0,0,0,0,0,0,0,0,0,376588
"Employed, away from work",0,0,0,0,0,0,0,0,0,0,0,0,0,0,0,380,501,674,796,961,1083,1150,1166,1168,1267,1348,1462,1532,1634,1850,1907,1925,1995,1818,1768,1650,1553,1374,1330,1186,1186,1164,1151,1110,1164,1278,1262,1180,1136,1136,1181,1183,1233,1251,1229,1222,1210,1202,1143,1161,1089,919,904,933,838,652,476,429,379,347,252,199,180,135,157,117,72,84,68,59,60,40,31,28,27,18,18,6,14,12,6,4,3,3,0,0,0,0,3,3,0,0,0,0,0,0,0,0,0,0,0,0,0,0,0,0,65860
"Unemployed, looking for full-time work",0,0,0,0,0,0,0,0,0,0,0,0,0,0,0,70,224,665,1951,1842,1777,1704,1717,1740,1633,1716,1554,1465,1452,1358,1423,1310,1374,1262,1217,1230,1171,1153,1153,1093,1164,1099,1167,1242,1302,1253,1213,1259,1203,1121,1094,1166,1130,1138,1069,1044,996,955,888,774,821,691,642,620,509,158,127,89,76,46,24,24,29,16,19,11,14,9,3,6,6,6,7,3,0,5,3,0,3,0,0,0,0,0,0,0,0,0,4,0,0,0,0,0,0,0,0,0,0,0,0,0,0,0,0,0,59491
"Unemployed, looking for part-time work",0,0,0,0,0,0,0,0,0,0,0,0,0,0,0,2018,2252,2025,2576,2099,1684,1399,1170,1019,901,821,703,710,703,659,613,666,635,641,642,587,597,557,570,559,572,576,571,543,553,535,429,436,430,406,420,398,345,371,356,395,386,355,359,377,379,371,343,348,327,178,163,136,124,108,86,60,52,39,26,26,24,11,16,9,4,8,3,5,3,3,0,0,0,0,3,0,0,0,0,0,0,0,0,0,0,0,0,0,0,0,0,0,0,0,0,0,0,0,0,0,38474
Not in the labour force,0,0,0,0,0,0,0,0,0,0,0,0,0,0,0,20956,17903,15572,7815,6182,6220,6078,5874,5582,5310,5237,5449,5243,5656,5847,5961,5936,6089,6198,6028,5902,5623,5424,5136,4999,4948,4731,4691,4650,4805,4847,4449,4504,4277,4321,4554,4496,4801,4986,5065,5387,5899,6087,6780,7040,8022,8676,9421,10260,11428,13724,14399,14950,15571,17065,13732,13417,13594,12137,12327,11319,11023,10483,10015,9152,8540,7954,7020,6752,6149,5788,5203,4400,3978,3368,2833,2367,1865,1480,1146,850,622,331,228,166,72,34,12,11,11,5,9,0,0,0,0,0,0,0,0,0,595453
Not stated,0,0,0,0,0,0,0,0,0,0,0,0,0,0,0,1438,1481,1501,1569,1761,1818,2038,2143,2364,2559,2737,2999,2986,3085,3294,3313,2991,2961,2865,2747,2670,2430,2375,2333,2275,2268,2279,2249,2331,2546,2497,2359,2358,2193,2178,2201,2213,2176,2261,2197,2219,2116,2056,1960,1936,1970,1867,1820,1722,1644,1713,1597,1538,1648,1632,1404,1310,1311,1142,1274,1134,1185,1178,1090,1085,1055,1059,959,946,907,908,873,804,784,695,632,511,446,359,303,252,197,98,95,58,16,8,11,3,0,0,0,0,0,0,0,0,0,0,0,0,146574
Not applicable,31097,32754,32629,32783,32463,32910,32950,32321,33056,32910,31849,30293,30015,29416,29232,0,0,0,0,0,0,0,0,0,0,0,0,0,0,0,0,0,0,0,0,0,0,0,0,0,0,0,0,0,0,0,0,0,0,0,0,0,0,0,0,0,0,0,0,0,0,0,0,0,0,0,0,0,0,0,0,0,0,0,0,0,0,0,0,0,0,0,0,0,0,0,0,0,0,0,0,0,0,0,0,0,0,0,0,0,0,0,0,0,0,0,0,0,0,0,0,0,0,0,0,0,476683
Total,31097,32754,32629,32783,32463,32910,32950,32321,33056,32910,31849,30293,30015,29416,29232,29932,30107,30444,29447,30068,30887,31687,31790,32675,33296,34906,36651,36937,37868,38553,39893,38981,38944,38635,37811,36688,35283,34296,33651,33123,33566,33426,33890,34603,36507,37089,34804,34832,33294,32498,32405,32175,32763,32878,32223,31946,30835,29836,28984,28296,28373,26834,26223,25676,25042,24569,23443,22712,22596,23431,18393,17308,17121,14974,15117,13630,13079,12397,11685,10714,9994,9285,8206,7896,7209,6831,6167,5251,4819,4112,3508,2909,2330,1851,1449,1107,835,440,376,232,92,46,23,18,11,5,9,0,0,0,0,0,0,0,0,0,2474414
,,,,,,,,,,,,,,,,,,,,,,,,,,,,,,,,,,,,,,,,,,,,,,,,,,,,,,,,,,,,,,,,,,,,,,,,,,,,,,,,,,,,,,,,,,,,,,,,,,,,,,,,,,,,,,,,,,,,,
,,,,,,,,,,,,,,,,,,,,,,,,,,,,,,,,,,,,,,,,,,,,,,,,,,,,,,,,,,,,,,,,,,,,,,,,,,,,,,,,,,,,,,,,,,,,,,,,,,,,,,,,,,,,,,,,,,,,,
 Tasmania,,,,,,,,,,,,,,,,,,,,,,,,,,,,,,,,,,,,,,,,,,,,,,,,,,,,,,,,,,,,,,,,,,,,,,,,,,,,,,,,,,,,,,,,,,,,,,,,,,,,,,,,,,,,,,,,,,,,,
AGEP Age,0,1,2,3,4,5,6,7,8,9,10,11,12,13,14,15,16,17,18,19,20,21,22,23,24,25,26,27,28,29,30,31,32,33,34,35,36,37,38,39,40,41,42,43,44,45,46,47,48,49,50,51,52,53,54,55,56,57,58,59,60,61,62,63,64,65,66,67,68,69,70,71,72,73,74,75,76,77,78,79,80,81,82,83,84,85,86,87,88,89,90,91,92,93,94,95,96,97,98,99,100,101,102,103,104,105,106,107,108,109,110,111,112,113,114,115,Total
LFSP Labour Force Status,,,,,,,,,,,,,,,,,,,,,,,,,,,,,,,,,,,,,,,,,,,,,,,,,,,,,,,,,,,,,,,,,,,,,,,,,,,,,,,,,,,,,,,,,,,,,,,,,,,,,,,,,,,,,,,,,,,,,
"Employed, worked full-time",0,0,0,0,0,0,0,0,0,0,0,0,0,0,0,4,106,334,761,1274,1514,1693,1969,2082,2341,2475,2434,2533,2491,2586,2580,2589,2546,2539,2566,2459,2394,2460,2431,2480,2534,2710,2879,2958,3236,3399,3210,3321,3184,3072,2993,3122,3425,3271,3257,3320,3019,2809,2555,2361,2124,1764,1511,1407,1175,830,580,425,414,291,211,171,142,83,72,62,36,43,30,38,22,15,10,13,9,6,11,5,4,0,6,0,0,3,0,3,8,3,10,0,0,0,0,0,0,0,0,0,0,0,0,0,0,0,0,0,121820
"Employed, worked part-time",0,0,0,0,0,0,0,0,0,0,0,0,0,0,0,1028,1585,2035,2024,1949,1906,1799,1580,1503,1303,1279,1183,1123,1207,1186,1246,1369,1359,1344,1422,1438,1410,1465,1499,1424,1508,1546,1575,1675,1751,1799,1681,1629,1602,1498,1514,1517,1652,1643,1720,1781,1638,1648,1622,1532,1568,1425,1331,1265,1114,918,760,656,558,617,404,309,300,202,187,146,134,95,85,78,63,36,39,18,21,13,10,14,8,6,3,0,0,0,3,0,6,0,0,3,0,0,0,0,0,0,0,0,0,0,0,0,0,0,0,0,81600
"Employed, away from work",0,0,0,0,0,0,0,0,0,0,0,0,0,0,0,86,163,177,209,206,216,235,241,198,199,228,256,237,258,270,303,329,328,305,293,267,252,216,233,195,229,212,210,206,216,240,254,246,221,240,258,245,267,279,284,314,306,327,272,287,258,247,226,220,200,139,120,121,94,79,55,49,44,31,40,31,29,17,20,13,20,17,11,13,10,3,8,4,7,7,4,0,4,0,0,0,7,0,0,0,0,0,0,0,0,0,0,0,0,0,0,0,0,0,0,0,13162
"Unemployed, looking for full-time work",0,0,0,0,0,0,0,0,0,0,0,0,0,0,0,6,61,140,327,478,374,365,361,358,288,271,278,228,198,207,196,175,156,175,161,194,162,166,150,146,153,178,165,186,184,174,201,187,173,155,178,151,167,191,183,184,151,126,150,141,143,104,102,105,96,17,9,8,9,5,4,9,0,0,3,3,0,0,0,0,0,0,0,0,0,0,0,0,3,0,0,0,0,0,0,5,0,0,0,0,0,0,0,0,0,0,0,0,0,0,0,0,0,0,0,0,9613
"Unemployed, looking for part-time work",0,0,0,0,0,0,0,0,0,0,0,0,0,0,0,328,420,455,376,349,268,226,228,162,167,141,143,127,121,101,105,104,87,93,86,90,82,72,76,86,71,73,83,99,90,91,80,90,81,77,60,72,82,87,108,73,72,86,88,86,90,92,93,85,79,31,25,28,15,18,8,8,9,4,0,4,3,0,0,4,0,3,0,0,0,0,0,0,0,0,0,0,0,0,0,0,0,0,0,0,0,0,0,0,0,0,0,0,0,0,0,0,0,0,0,0,6750
Not in the labour force,0,0,0,0,0,0,0,0,0,0,0,0,0,0,0,4455,3701,3014,2074,1451,1370,1459,1301,1256,1149,1148,1104,1098,1118,967,1044,1050,1052,1078,973,1069,1021,995,971,885,953,989,981,995,1095,1139,1084,1144,1126,1155,1109,1225,1403,1409,1564,1680,1924,2020,2193,2335,2631,2796,3129,3398,3728,4386,4662,4664,4811,5370,4356,4243,4134,3724,3664,3443,3259,3047,2870,2641,2386,2158,2157,1925,1830,1707,1523,1267,1172,969,849,704,603,453,368,249,164,112,66,45,34,12,15,0,4,0,0,0,0,0,0,0,0,0,0,0,160044
Not stated,0,0,0,0,0,0,0,0,0,0,0,0,0,0,0,288,288,301,306,315,335,359,377,354,320,337,387,326,333,338,354,312,346,325,331,303,325,301,329,291,304,340,343,384,382,404,403,404,376,374,363,367,452,458,458,479,442,437,457,463,451,443,419,458,467,444,464,421,460,513,423,406,424,360,345,338,306,271,313,263,289,239,256,212,213,212,170,171,121,143,107,91,81,65,45,28,12,14,8,7,0,3,0,0,0,0,0,0,0,0,0,0,0,0,0,0,26756
Not applicable,5353,5647,5749,5847,5875,6132,6100,6393,6438,6448,6305,6100,5882,5839,6095,0,0,0,0,0,0,0,0,0,0,0,0,0,0,0,0,0,0,0,0,0,0,0,0,0,0,0,0,0,0,0,0,0,0,0,0,0,0,0,0,0,0,0,0,0,0,0,0,0,0,0,0,0,0,0,0,0,0,0,0,0,0,0,0,0,0,0,0,0,0,0,0,0,0,0,0,0,0,0,0,0,0,0,0,0,0,0,0,0,0,0,0,0,0,0,0,0,0,0,0,0,90205
Total,5353,5647,5749,5847,5875,6132,6100,6393,6438,6448,6305,6100,5882,5839,6095,6202,6328,6455,6075,6024,5994,6137,6051,5912,5772,5862,5787,5673,5724,5652,5822,5928,5873,5867,5842,5809,5648,5677,5692,5502,5750,6057,6228,6505,6954,7246,6904,7020,6769,6569,6475,6702,7449,7341,7571,7831,7558,7453,7344,7193,7274,6875,6817,6935,6870,6764,6614,6314,6360,6891,5461,5198,5051,4413,4316,4028,3767,3479,3315,3029,2791,2470,2475,2182,2077,1947,1726,1459,1306,1123,961,793,690,528,419,279,191,129,86,56,32,14,12,0,4,0,0,0,0,0,0,0,0,0,0,0,509961
,,,,,,,,,,,,,,,,,,,,,,,,,,,,,,,,,,,,,,,,,,,,,,,,,,,,,,,,,,,,,,,,,,,,,,,,,,,,,,,,,,,,,,,,,,,,,,,,,,,,,,,,,,,,,,,,,,,,,
,,,,,,,,,,,,,,,,,,,,,,,,,,,,,,,,,,,,,,,,,,,,,,,,,,,,,,,,,,,,,,,,,,,,,,,,,,,,,,,,,,,,,,,,,,,,,,,,,,,,,,,,,,,,,,,,,,,,,
 Northern Territory,,,,,,,,,,,,,,,,,,,,,,,,,,,,,,,,,,,,,,,,,,,,,,,,,,,,,,,,,,,,,,,,,,,,,,,,,,,,,,,,,,,,,,,,,,,,,,,,,,,,,,,,,,,,,,,,,,,,,
AGEP Age,0,1,2,3,4,5,6,7,8,9,10,11,12,13,14,15,16,17,18,19,20,21,22,23,24,25,26,27,28,29,30,31,32,33,34,35,36,37,38,39,40,41,42,43,44,45,46,47,48,49,50,51,52,53,54,55,56,57,58,59,60,61,62,63,64,65,66,67,68,69,70,71,72,73,74,75,76,77,78,79,80,81,82,83,84,85,86,87,88,89,90,91,92,93,94,95,96,97,98,99,100,101,102,103,104,105,106,107,108,109,110,111,112,113,114,115,Total
LFSP Labour Force Status,,,,,,,,,,,,,,,,,,,,,,,,,,,,,,,,,,,,,,,,,,,,,,,,,,,,,,,,,,,,,,,,,,,,,,,,,,,,,,,,,,,,,,,,,,,,,,,,,,,,,,,,,,,,,,,,,,,,,
"Employed, worked full-time",0,0,0,0,0,0,0,0,0,0,0,0,0,0,0,7,36,141,537,768,881,1149,1286,1466,1627,1908,2061,2086,2179,2087,2123,2122,2034,2046,1864,1917,1756,1759,1665,1667,1734,1579,1751,1604,1760,1917,1777,1676,1590,1602,1625,1451,1554,1568,1516,1494,1334,1204,1119,1107,971,886,790,696,587,449,375,276,211,201,109,102,65,57,39,41,33,18,9,7,6,4,0,7,3,0,0,0,0,0,0,0,0,3,3,0,0,0,0,0,0,0,0,0,0,0,0,0,0,0,0,0,0,0,0,0,74107
"Employed, worked part-time",0,0,0,0,0,0,0,0,0,0,0,0,0,0,0,405,569,677,586,446,452,451,441,418,456,463,451,464,497,457,507,491,505,529,506,459,472,506,437,424,458,416,396,398,395,435,359,373,360,357,325,330,290,330,317,312,314,307,297,277,271,230,245,239,213,188,169,150,134,118,96,62,47,53,35,31,17,20,17,8,9,9,6,9,3,0,0,0,4,0,0,0,0,0,0,0,0,0,0,0,0,0,0,0,0,0,0,0,0,0,0,0,0,0,0,0,21493
"Employed, away from work",0,0,0,0,0,0,0,0,0,0,0,0,0,0,0,31,55,73,94,104,117,142,137,159,165,183,201,199,165,225,247,209,210,212,179,186,168,154,119,147,148,110,134,130,118,132,147,110,120,132,129,129,131,122,149,135,104,131,121,101,108,102,67,69,74,60,47,42,17,21,18,14,18,3,6,8,6,0,5,0,3,0,0,0,3,4,5,0,0,0,0,0,0,0,0,0,0,0,0,0,0,0,0,0,0,0,0,0,0,0,0,0,0,0,0,0,7109
"Unemployed, looking for full-time work",0,0,0,0,0,0,0,0,0,0,0,0,0,0,0,26,56,122,183,210,212,198,168,184,168,173,141,145,146,147,151,115,130,140,132,122,101,99,128,115,127,103,101,98,103,118,92,102,104,93,107,93,91,72,82,59,45,63,52,49,52,25,46,39,25,18,16,8,9,6,4,3,3,0,0,0,0,0,0,0,0,3,0,0,0,0,0,0,0,0,0,0,0,0,0,0,0,0,0,0,0,0,0,0,0,0,0,0,0,0,0,0,0,0,0,0,5517
"Unemployed, looking for part-time work",0,0,0,0,0,0,0,0,0,0,0,0,0,0,0,103,119,82,86,69,61,63,52,51,59,69,53,58,41,45,52,44,52,57,43,40,48,38,49,31,48,31,26,32,42,35,33,30,34,29,31,22,21,22,27,10,17,21,18,20,17,23,22,22,13,17,5,3,10,3,0,9,6,0,0,0,0,0,0,0,0,0,0,0,0,0,0,0,0,0,4,0,0,0,0,0,0,0,0,0,0,0,0,0,0,0,0,0,0,0,0,0,0,0,0,0,2171
Not in the labour force,0,0,0,0,0,0,0,0,0,0,0,0,0,0,0,2132,1787,1326,905,709,823,739,729,754,765,811,763,824,792,808,907,760,773,749,741,756,661,610,634,565,682,510,602,508,504,590,521,466,528,502,593,418,458,501,468,486,492,506,525,500,673,625,615,630,630,786,772,779,757,785,729,611,572,525,545,526,478,311,343,298,294,214,205,167,161,152,113,116,97,69,48,49,35,31,18,21,9,6,4,3,0,0,0,0,0,0,0,0,0,0,0,0,0,0,0,0,46009
Not stated,0,0,0,0,0,0,0,0,0,0,0,0,0,0,0,301,307,316,346,366,383,420,448,467,534,636,580,601,602,645,563,553,524,538,534,516,428,409,433,396,440,349,412,351,423,497,371,419,408,400,447,328,381,370,348,406,362,312,305,276,328,278,243,260,275,212,208,180,166,157,134,121,103,94,114,92,91,49,57,49,37,41,35,22,17,28,21,27,10,16,8,10,3,6,5,0,0,0,3,0,0,0,0,0,0,0,0,0,0,0,0,0,0,0,0,0,22960
Not applicable,3361,3706,3522,3482,3563,3506,3468,3352,3318,3177,3186,2943,2882,3033,2989,0,0,0,0,0,0,0,0,0,0,0,0,0,0,0,0,0,0,0,0,0,0,0,0,0,0,0,0,0,0,0,0,0,0,0,0,0,0,0,0,0,0,0,0,0,0,0,0,0,0,0,0,0,0,0,0,0,0,0,0,0,0,0,0,0,0,0,0,0,0,0,0,0,0,0,0,0,0,0,0,0,0,0,0,0,0,0,0,0,0,0,0,0,0,0,0,0,0,0,0,0,49474
Total,3361,3706,3522,3482,3563,3506,3468,3352,3318,3177,3186,2943,2882,3033,2989,3001,2926,2740,2738,2670,2923,3166,3270,3508,3780,4237,4253,4374,4422,4417,4546,4299,4224,4262,3998,4002,3635,3578,3455,3342,3640,3096,3418,3125,3339,3716,3299,3176,3144,3114,3262,2773,2926,2991,2905,2904,2666,2546,2441,2329,2429,2172,2034,1959,1820,1725,1590,1443,1308,1300,1090,920,812,727,748,696,620,399,434,359,344,276,245,199,192,180,148,149,113,87,58,56,35,34,29,23,15,12,5,9,0,0,0,0,0,0,0,0,0,0,0,0,0,0,0,0,228838
,,,,,,,,,,,,,,,,,,,,,,,,,,,,,,,,,,,,,,,,,,,,,,,,,,,,,,,,,,,,,,,,,,,,,,,,,,,,,,,,,,,,,,,,,,,,,,,,,,,,,,,,,,,,,,,,,,,,,
,,,,,,,,,,,,,,,,,,,,,,,,,,,,,,,,,,,,,,,,,,,,,,,,,,,,,,,,,,,,,,,,,,,,,,,,,,,,,,,,,,,,,,,,,,,,,,,,,,,,,,,,,,,,,,,,,,,,,
 Australian Capital Territory,,,,,,,,,,,,,,,,,,,,,,,,,,,,,,,,,,,,,,,,,,,,,,,,,,,,,,,,,,,,,,,,,,,,,,,,,,,,,,,,,,,,,,,,,,,,,,,,,,,,,,,,,,,,,,,,,,,,,
AGEP Age,0,1,2,3,4,5,6,7,8,9,10,11,12,13,14,15,16,17,18,19,20,21,22,23,24,25,26,27,28,29,30,31,32,33,34,35,36,37,38,39,40,41,42,43,44,45,46,47,48,49,50,51,52,53,54,55,56,57,58,59,60,61,62,63,64,65,66,67,68,69,70,71,72,73,74,75,76,77,78,79,80,81,82,83,84,85,86,87,88,89,90,91,92,93,94,95,96,97,98,99,100,101,102,103,104,105,106,107,108,109,110,111,112,113,114,115,Total
LFSP Labour Force Status,,,,,,,,,,,,,,,,,,,,,,,,,,,,,,,,,,,,,,,,,,,,,,,,,,,,,,,,,,,,,,,,,,,,,,,,,,,,,,,,,,,,,,,,,,,,,,,,,,,,,,,,,,,,,,,,,,,,,
"Employed, worked full-time",0,0,0,0,0,0,0,0,0,0,0,0,0,0,0,8,25,113,675,1195,1403,1692,2126,2564,3068,3570,3730,3913,3993,3846,3958,3849,4001,3772,3826,3704,3585,3492,3328,3321,3274,3404,3411,3496,3584,3675,3507,3309,3260,3045,3081,2975,3032,2912,2914,2612,2383,2181,2065,1766,1551,1275,1132,964,819,599,463,398,295,276,166,88,99,63,54,43,32,23,18,11,7,10,9,0,5,3,0,0,0,0,0,0,0,0,0,0,3,0,0,0,0,0,0,0,0,0,0,0,0,0,0,0,0,0,0,0,137059
"Employed, worked part-time",0,0,0,0,0,0,0,0,0,0,0,0,0,0,0,944,1349,1707,1879,2100,2170,2118,1859,1490,1251,1130,1020,951,944,926,1069,1106,1130,1174,1228,1224,1179,1215,1112,1130,1016,1033,1088,1068,1078,1081,957,895,828,762,850,762,791,719,737,708,730,680,680,742,678,629,622,628,575,503,451,423,344,352,211,208,155,131,118,92,74,68,41,36,23,21,9,8,3,10,6,0,6,0,0,0,0,0,0,0,0,0,0,0,0,0,0,0,0,0,0,0,0,0,0,0,0,0,0,0,57058
"Employed, away from work",0,0,0,0,0,0,0,0,0,0,0,0,0,0,0,59,103,113,193,278,290,248,242,220,204,224,262,265,316,340,376,423,418,448,414,382,331,318,229,239,216,196,173,179,178,174,163,172,154,155,180,161,188,181,210,192,174,141,146,155,144,123,122,95,91,91,82,56,50,35,34,21,23,13,15,11,13,15,8,7,0,0,3,0,4,3,3,4,5,3,4,0,0,0,0,0,0,0,0,0,0,0,0,0,0,0,0,0,0,0,0,0,0,0,0,0,11507
"Unemployed, looking for full-time work",0,0,0,0,0,0,0,0,0,0,0,0,0,0,0,6,15,56,144,167,144,153,177,173,160,139,141,143,116,133,131,123,130,111,109,128,105,95,110,90,101,100,94,90,96,79,66,91,69,79,86,87,80,81,65,73,64,70,70,53,59,36,32,41,34,10,15,12,6,13,6,3,8,0,4,0,0,0,0,0,0,0,0,0,0,0,0,0,0,0,0,0,0,0,0,0,0,0,0,0,0,0,0,0,0,0,0,0,0,0,0,0,0,0,0,0,4893
"Unemployed, looking for part-time work",0,0,0,0,0,0,0,0,0,0,0,0,0,0,0,355,364,377,412,451,306,256,216,189,154,135,93,76,62,69,69,65,78,62,66,64,42,55,57,56,66,43,52,53,38,42,39,32,34,36,40,28,35,40,36,51,39,51,43,46,36,43,32,34,45,32,24,25,18,11,11,13,8,10,4,3,0,5,0,0,4,0,0,0,0,0,6,0,0,0,0,0,0,0,0,0,0,0,0,0,0,0,0,0,0,0,0,0,0,0,0,0,0,0,0,0,5317
Not in the labour force,0,0,0,0,0,0,0,0,0,0,0,0,0,0,0,2779,2358,2113,1737,1472,1416,1410,1413,1439,1109,940,850,742,724,684,701,722,709,695,676,659,636,633,573,575,549,543,541,516,519,533,492,555,472,469,486,547,573,624,743,907,969,1070,1154,1202,1423,1507,1612,1816,1892,2126,2235,2287,2464,2657,2258,2048,1970,1804,1818,1634,1526,1445,1412,1296,1228,1129,1020,910,845,816,697,668,559,467,436,338,305,231,164,113,72,41,38,19,14,8,6,0,0,0,0,0,0,0,0,0,0,0,0,0,88578
Not stated,0,0,0,0,0,0,0,0,0,0,0,0,0,0,0,157,146,163,237,270,288,359,355,423,357,425,406,427,377,361,384,403,446,358,385,353,320,280,280,305,291,275,279,269,303,304,254,288,240,251,255,208,230,234,263,244,244,234,217,206,217,214,188,217,200,157,184,196,197,194,191,165,161,155,137,137,145,148,139,145,134,113,124,107,117,126,113,108,106,81,101,102,76,68,43,41,33,20,24,16,4,3,0,0,0,0,0,0,0,0,0,0,0,0,0,0,18507
Not applicable,5128,5481,5384,5424,5375,5254,5371,5087,4952,4789,4854,4480,4373,4318,4212,0,0,0,0,0,0,0,0,0,0,0,0,0,0,0,0,0,0,0,0,0,0,0,0,0,0,0,0,0,0,0,0,0,0,0,0,0,0,0,0,0,0,0,0,0,0,0,0,0,0,0,0,0,0,0,0,0,0,0,0,0,0,0,0,0,0,0,0,0,0,0,0,0,0,0,0,0,0,0,0,0,0,0,0,0,0,0,0,0,0,0,0,0,0,0,0,0,0,0,0,0,74479
Total,5128,5481,5384,5424,5375,5254,5371,5087,4952,4789,4854,4480,4373,4318,4212,4307,4361,4638,5271,5924,6008,6230,6385,6505,6300,6565,6513,6513,6535,6359,6690,6686,6918,6628,6710,6515,6190,6093,5686,5712,5515,5600,5640,5669,5796,5895,5476,5340,5056,4790,4974,4771,4933,4791,4969,4782,4610,4424,4375,4169,4117,3831,3741,3794,3656,3523,3452,3395,3377,3540,2879,2545,2417,2175,2154,1922,1801,1689,1619,1488,1397,1275,1162,1030,975,964,828,781,675,553,543,447,387,300,208,157,108,63,59,33,19,13,8,5,0,0,0,0,0,0,0,0,0,0,0,0,397393
,,,,,,,,,,,,,,,,,,,,,,,,,,,,,,,,,,,,,,,,,,,,,,,,,,,,,,,,,,,,,,,,,,,,,,,,,,,,,,,,,,,,,,,,,,,,,,,,,,,,,,,,,,,,,,,,,,,,,
,,,,,,,,,,,,,,,,,,,,,,,,,,,,,,,,,,,,,,,,,,,,,,,,,,,,,,,,,,,,,,,,,,,,,,,,,,,,,,,,,,,,,,,,,,,,,,,,,,,,,,,,,,,,,,,,,,,,,
 Other Territories,,,,,,,,,,,,,,,,,,,,,,,,,,,,,,,,,,,,,,,,,,,,,,,,,,,,,,,,,,,,,,,,,,,,,,,,,,,,,,,,,,,,,,,,,,,,,,,,,,,,,,,,,,,,,,,,,,,,,
AGEP Age,0,1,2,3,4,5,6,7,8,9,10,11,12,13,14,15,16,17,18,19,20,21,22,23,24,25,26,27,28,29,30,31,32,33,34,35,36,37,38,39,40,41,42,43,44,45,46,47,48,49,50,51,52,53,54,55,56,57,58,59,60,61,62,63,64,65,66,67,68,69,70,71,72,73,74,75,76,77,78,79,80,81,82,83,84,85,86,87,88,89,90,91,92,93,94,95,96,97,98,99,100,101,102,103,104,105,106,107,108,109,110,111,112,113,114,115,Total
LFSP Labour Force Status,,,,,,,,,,,,,,,,,,,,,,,,,,,,,,,,,,,,,,,,,,,,,,,,,,,,,,,,,,,,,,,,,,,,,,,,,,,,,,,,,,,,,,,,,,,,,,,,,,,,,,,,,,,,,,,,,,,,,
"Employed, worked full-time",0,0,0,0,0,0,0,0,0,0,0,0,0,0,0,0,0,4,10,5,5,10,16,15,21,17,16,19,27,23,30,22,23,19,24,26,26,39,31,28,26,25,36,39,41,39,38,32,25,37,35,33,40,31,48,32,34,30,32,31,32,20,29,28,25,32,18,18,9,12,11,0,3,6,0,0,0,4,0,0,0,0,0,0,0,0,0,0,0,0,0,0,0,0,0,0,0,0,0,0,0,0,0,0,0,0,0,0,0,0,0,0,0,0,0,0,1409
"Employed, worked part-time",0,0,0,0,0,0,0,0,0,0,0,0,0,0,0,4,7,11,6,14,8,3,5,11,3,6,3,8,7,11,7,11,11,14,9,16,9,16,9,5,4,13,8,21,5,10,9,14,9,9,14,14,17,13,18,9,13,14,6,13,15,11,10,8,6,8,14,7,5,8,5,10,3,0,5,0,0,4,6,6,0,0,0,0,0,0,0,0,0,0,0,0,0,0,0,0,0,0,0,0,0,0,0,0,0,0,0,0,0,0,0,0,0,0,0,0,568
"Employed, away from work",0,0,0,0,0,0,0,0,0,0,0,0,0,0,0,4,0,3,0,5,0,4,0,6,4,3,0,3,0,4,0,4,3,9,4,7,5,3,0,5,5,0,4,4,0,4,0,0,3,0,6,9,3,5,4,3,5,5,9,3,4,4,3,6,0,3,3,0,5,0,0,0,0,0,6,0,0,6,0,0,0,0,0,0,0,0,0,0,0,0,0,0,0,0,0,0,0,0,0,0,0,0,0,0,0,0,0,0,0,0,0,0,0,0,0,0,189
"Unemployed, looking for full-time work",0,0,0,0,0,0,0,0,0,0,0,0,0,0,0,0,0,0,5,0,0,0,0,0,0,0,0,0,3,0,0,0,0,0,0,0,0,0,0,0,5,0,4,0,0,0,0,0,0,0,0,0,0,0,0,0,0,0,0,0,0,0,0,0,0,0,0,0,0,0,0,0,0,0,0,0,0,0,0,0,0,0,0,0,0,0,0,0,0,0,0,0,0,0,0,0,0,0,0,0,0,0,0,0,0,0,0,0,0,0,0,0,0,0,0,0,37
"Unemployed, looking for part-time work",0,0,0,0,0,0,0,0,0,0,0,0,0,0,0,0,0,0,0,3,0,0,0,0,0,0,0,0,0,0,0,0,0,0,0,0,0,0,0,0,0,0,0,0,0,0,0,0,0,0,0,0,0,0,0,0,3,0,3,0,0,0,0,0,0,0,0,0,0,0,0,0,0,0,0,0,0,0,0,0,0,0,0,0,0,0,0,0,0,0,0,0,0,0,0,0,0,0,0,0,0,0,0,0,0,0,0,0,0,0,0,0,0,0,0,0,24
Not in the labour force,0,0,0,0,0,0,0,0,0,0,0,0,0,0,0,33,28,23,13,9,8,6,17,14,10,9,13,19,18,16,11,17,19,17,9,16,9,20,10,19,13,14,9,11,17,9,15,14,14,9,8,18,9,10,13,10,16,13,17,14,16,15,22,17,19,18,31,22,9,21,27,24,21,25,13,20,18,14,13,7,17,9,11,12,7,12,10,4,4,4,0,7,3,3,0,0,0,0,5,0,0,0,0,0,0,0,0,0,0,0,0,0,0,0,0,0,1108
Not stated,0,0,0,0,0,0,0,0,0,0,0,0,0,0,0,0,7,5,9,7,0,5,8,6,8,5,6,7,9,12,8,9,5,10,8,3,0,6,0,5,5,0,3,8,11,6,9,10,3,5,14,5,5,15,17,14,8,7,11,13,12,9,11,7,11,13,12,10,0,11,3,0,6,5,3,7,0,3,0,0,0,0,0,3,3,4,0,0,0,0,0,0,0,0,0,0,0,0,0,0,0,0,0,0,0,0,0,0,0,0,0,0,0,0,0,0,433
Not applicable,45,45,60,51,57,59,63,52,59,58,67,47,44,48,55,0,0,0,0,0,0,0,0,0,0,0,0,0,0,0,0,0,0,0,0,0,0,0,0,0,0,0,0,0,0,0,0,0,0,0,0,0,0,0,0,0,0,0,0,0,0,0,0,0,0,0,0,0,0,0,0,0,0,0,0,0,0,0,0,0,0,0,0,0,0,0,0,0,0,0,0,0,0,0,0,0,0,0,0,0,0,0,0,0,0,0,0,0,0,0,0,0,0,0,0,0,814
Total,45,45,60,51,57,59,63,52,59,58,67,47,44,48,55,37,42,45,39,41,28,35,50,46,47,34,45,50,66,67,65,67,58,72,56,71,55,83,55,58,61,53,64,78,72,76,72,68,50,61,74,77,65,65,94,73,79,70,76,75,73,61,72,67,61,73,80,56,36,49,45,33,36,39,26,30,18,36,21,14,15,6,11,15,8,13,7,7,0,4,4,7,3,3,0,3,0,0,5,0,0,0,0,0,0,0,0,0,0,0,0,0,0,0,0,0,4583
,,,,,,,,,,,,,,,,,,,,,,,,,,,,,,,,,,,,,,,,,,,,,,,,,,,,,,,,,,,,,,,,,,,,,,,,,,,,,,,,,,,,,,,,,,,,,,,,,,,,,,,,,,,,,,,,,,,,,
,,,,,,,,,,,,,,,,,,,,,,,,,,,,,,,,,,,,,,,,,,,,,,,,,,,,,,,,,,,,,,,,,,,,,,,,,,,,,,,,,,,,,,,,,,,,,,,,,,,,,,,,,,,,,,,,,,,,,
 Total,,,,,,,,,,,,,,,,,,,,,,,,,,,,,,,,,,,,,,,,,,,,,,,,,,,,,,,,,,,,,,,,,,,,,,,,,,,,,,,,,,,,,,,,,,,,,,,,,,,,,,,,,,,,,,,,,,,,,
AGEP Age,0,1,2,3,4,5,6,7,8,9,10,11,12,13,14,15,16,17,18,19,20,21,22,23,24,25,26,27,28,29,30,31,32,33,34,35,36,37,38,39,40,41,42,43,44,45,46,47,48,49,50,51,52,53,54,55,56,57,58,59,60,61,62,63,64,65,66,67,68,69,70,71,72,73,74,75,76,77,78,79,80,81,82,83,84,85,86,87,88,89,90,91,92,93,94,95,96,97,98,99,100,101,102,103,104,105,106,107,108,109,110,111,112,113,114,115,Total
LFSP Labour Force Status,,,,,,,,,,,,,,,,,,,,,,,,,,,,,,,,,,,,,,,,,,,,,,,,,,,,,,,,,,,,,,,,,,,,,,,,,,,,,,,,,,,,,,,,,,,,,,,,,,,,,,,,,,,,,,,,,,,,,
"Employed, worked full-time",0,0,0,0,0,0,0,0,0,0,0,0,0,0,0,648,3985,12148,35613,53397,65488,81846,100607,120526,137558,152733,163995,167979,171176,171290,174458,173682,172594,171759,167258,164019,157607,153105,151516,151881,153279,155407,160758,164541,172396,175958,165206,162545,158184,152805,150998,149342,154609,153157,149186,144210,132220,124046,115124,105365,93249,81846,71581,63490,53405,39825,30628,23861,19480,16568,10958,8563,6809,5103,4385,3401,2694,2037,1671,1388,1049,784,684,562,479,383,320,211,195,133,106,89,71,59,62,50,163,124,182,79,27,14,13,13,13,12,12,0,0,0,0,0,0,0,3,0,6623061
"Employed, worked part-time",0,0,0,0,0,0,0,0,0,0,0,0,0,0,0,46181,71167,81332,93925,102465,103451,99971,87546,76635,69363,65377,62208,58268,57278,57066,59446,60417,62461,64328,64287,64721,63253,64149,63545,63730,64862,65327,67814,68948,71296,72791,66908,65900,62696,60501,60040,59607,61411,62126,61860,61316,59029,57678,56452,53957,53926,50618,47942,45664,41367,34813,30586,26861,24066,23166,16750,13635,11726,8959,7820,6179,4865,3968,3137,2572,2042,1467,1204,1034,904,752,591,370,320,242,161,142,90,67,50,38,96,57,80,34,17,8,9,5,5,9,3,0,0,0,0,0,0,0,0,0,3491506
"Employed, away from work",0,0,0,0,0,0,0,0,0,0,0,0,0,0,0,3579,5518,7287,8237,9469,10495,10996,10646,10696,11192,11623,12617,13034,14109,14836,16212,16636,16889,16602,15654,14691,13462,12158,11209,10355,10282,9672,9551,9588,9672,9918,9637,9408,9224,9095,9700,9387,9941,10144,10322,10566,10008,9869,9558,9734,9238,8184,7652,7320,6968,5583,4598,3604,3358,3025,2276,1925,1672,1338,1275,1064,850,814,696,644,532,443,384,385,323,304,265,192,182,167,125,93,72,52,46,37,29,19,23,22,11,0,0,0,0,0,0,0,0,0,0,0,0,0,0,0,569274
"Unemployed, looking for full-time work",0,0,0,0,0,0,0,0,0,0,0,0,0,0,0,537,1971,5655,14278,15817,14598,14497,14564,14329,13972,13489,12737,11730,11188,10504,10568,9891,9787,9614,9012,8840,8708,8253,8271,8024,8403,8204,8405,8628,8734,9088,8568,8504,8250,7857,8035,7997,8115,7964,7901,7571,7238,6835,6518,5931,5772,5117,4626,4263,3677,1055,739,527,476,372,196,219,147,121,103,80,71,66,43,50,42,41,35,34,30,24,22,14,13,5,8,9,6,5,4,10,0,16,8,18,0,0,0,0,0,0,0,0,0,0,0,0,0,0,0,0,447655
"Unemployed, looking for part-time work",0,0,0,0,0,0,0,0,0,0,0,0,0,0,0,18582,18878,16785,21117,20597,17349,14118,11734,10611,8932,7744,6942,6072,5738,5184,5165,4945,4905,4910,4813,4736,4554,4416,4375,4274,4502,4409,4585,4531,4517,4500,4066,3956,3705,3440,3502,3455,3424,3609,3580,3522,3559,3510,3560,3553,3579,3469,3312,3218,2863,1489,1186,1031,885,835,586,469,368,316,255,199,147,121,111,69,74,51,29,26,26,27,16,19,11,8,8,11,8,8,4,0,9,0,5,8,0,0,0,0,0,0,0,0,0,0,0,0,0,0,0,0,339803
Not in the labour force,0,0,0,0,0,0,0,0,0,0,0,0,0,0,0,196443,167736,145956,96067,75429,73022,70550,66506,64874,60024,55458,53868,51228,50968,50780,52498,52651,53077,53776,52362,51839,49987,47978,46875,45835,45861,45025,45969,46562,47844,49354,46481,46583,45998,45629,47871,48583,52452,55205,57446,61366,66083,69315,75823,81183,90773,98109,106038,115558,124254,146563,155901,160014,166469,181535,154788,150386,146669,131940,131798,123106,118441,112226,105917,99991,93749,85187,79011,73853,68287,65613,60138,52153,46494,39801,34243,28167,22804,17891,13947,10556,7077,4090,2968,2015,1092,666,393,225,131,80,31,18,8,4,11,0,0,4,3,0,6297598
Not stated,0,0,0,0,0,0,0,0,0,0,0,0,0,0,0,12866,12843,13319,15008,16765,17974,18961,19788,21203,22178,23015,23873,23431,23776,23284,23973,22866,22615,22156,21570,20805,19610,18728,18229,17952,18362,18132,18725,18708,19754,20527,19000,18992,18272,17900,18265,17769,18818,18925,18809,19174,18098,17737,17461,17158,17390,16593,16240,16325,15761,16014,16016,15271,15921,16670,14472,13811,13359,12116,12398,11643,11516,11451,10629,10803,10541,9695,9460,9075,9042,9003,8623,7971,7561,6817,6179,5074,4317,3534,2897,2275,1535,1005,769,528,270,172,127,60,32,16,11,4,5,0,0,0,0,0,0,0,1268388
Not applicable,276226,293502,295140,299730,300183,298267,302897,299409,301401,300663,291797,280282,277765,274327,273015,0,0,0,0,0,0,0,0,0,0,0,0,0,0,0,0,0,0,0,0,0,0,0,0,0,0,0,0,0,0,0,0,0,0,0,0,0,0,0,0,0,0,0,0,0,0,0,0,0,0,0,0,0,0,0,0,0,0,0,0,0,0,0,0,0,0,0,0,0,0,0,0,0,0,0,0,0,0,0,0,0,0,0,0,0,0,0,0,0,0,0,0,0,0,0,0,0,0,0,0,0,4364610
Total,276226,293502,295140,299730,300183,298267,302897,299409,301401,300663,291797,280282,277765,274327,273015,278833,282101,282478,284248,293933,302373,310934,311385,318879,323216,329440,336237,331742,334239,332950,342323,341089,342333,343144,334964,329652,317177,308794,304022,302046,305550,306175,315801,321513,334220,342142,319870,315883,306341,297226,298415,296133,308769,311125,309110,307725,296243,288987,284495,276887,273929,263945,257391,255832,248304,245357,239657,231171,230650,242163,200021,189012,180760,159898,158023,145677,138584,130683,122199,115516,108020,97661,90805,84971,79088,76106,69981,60927,54781,47171,40838,33581,27364,21610,17008,12961,8908,5307,4038,2707,1424,865,542,301,189,119,59,15,18,4,10,0,0,4,7,6,23401891
,,,,,,,,,,,,,,,,,,,,,,,,,,,,,,,,,,,,,,,,,,,,,,,,,,,,,,,,,,,,,,,,,,,,,,,,,,,,,,,,,,,,,,,,,,,,,,,,,,,,,,,,,,,,,,,,,,,,,
"Data Source: Census of Population and Housing, 2016, TableBuilder",,,,,,,,,,,,,,,,,,,,,,,,,,,,,,,,,,,,,,,,,,,,,,,,,,,,,,,,,,,,,,,,,,,,,,,,,,,,,,,,,,,,,,,,,,,,,,,,,,,,,,,,,,,,,,,,,,,,,
,,,,,,,,,,,,,,,,,,,,,,,,,,,,,,,,,,,,,,,,,,,,,,,,,,,,,,,,,,,,,,,,,,,,,,,,,,,,,,,,,,,,,,,,,,,,,,,,,,,,,,,,,,,,,,,,,,,,,
INFO,Cells in this table have been randomly adjusted to avoid the release of confidential data. No reliance should be placed on small cells.,,,,,,,,,,,,,,,,,,,,,,,,,,,,,,,,,,,,,,,,,,,,,,,,,,,,,,,,,,,,,,,,,,,,,,,,,,,,,,,,,,,,,,,,,,,,,,,,,,,,,,,,,,,,,,,,,,,,
,,,,,,,,,,,,,,,,,,,,,,,,,,,,,,,,,,,,,,,,,,,,,,,,,,,,,,,,,,,,,,,,,,,,,,,,,,,,,,,,,,,,,,,,,,,,,,,,,,,,,,,,,,,,,,,,,,,,,
,,,,,,,,,,,,,,,,,,,,,,,,,,,,,,,,,,,,,,,,,,,,,,,,,,,,,,,,,,,,,,,,,,,,,,,,,,,,,,,,,,,,,,,,,,,,,,,,,,,,,,,,,,,,,,,,,,,,,
"Copyright Commonwealth of Australia, 2018, see abs.gov.au/copyright",,,,,,,,,,,,,,,,,,,,,,,,,,,,,,,,,,,,,,,,,,,,,,,,,,,,,,,,,,,,,,,,,,,,,,,,,,,,,,,,,,,,,,,,,,,,,,,,,,,,,,,,,,,,,,,,,,,,,
"ABS data licensed under Creative Commons, see abs.gov.au/ccby",,,,,,,,,,,,,,,,,,,,,,,,,,,,,,,,,,,,,,,,,,,,,,,,,,,,,,,,,,,,,,,,,,,,,,,,,,,,,,,,,,,,,,,,,,,,,,,,,,,,,,,,,,,,,,,,,,,,,
